AvgPitch,AvgIntensity,AvgF1,AvgF2,AvgF3
178.62780073963663,26.451477721032383,824.7080657303001,1952.1748595862455,2974.0996623834308
